GEOID,pm25_mean,n_cells
48439113906,12.916260573100713,12
48439113946,12.89327952134726,1
48439113945,13.490602098514842,3
48439113953,13.685792051501918,16
48439113955,13.357063532727757,11
48439113715,13.54315309131302,14
48439114113,12.756084883965293,13
48439113809,14.27127395992727,1
48085031679,13.701508734745852,3
48085031329,13.801619415884273,6
48085031512,13.759813027596367,1
48085031676,13.817932300051051,2
48085031675,,0
48085032014,12.919175607322567,2
48085030534,13.524879326746213,1
48085030903,12.982206532414056,14
48085032016,13.953777451367912,2
48085031005,13.31413655737308,24
48085031006,13.37901383278968,35
48085031814,13.403415783836781,2
48085030547,12.772519917442528,1
48085031424,13.735094283978796,2
48085030535,13.619545606318589,1
48085030901,12.937334440070117,9
48085031007,13.297318153677674,37
48085030548,13.220284262378806,6
48085030543,13.191430370760093,3
48085031671,14.142663220181921,1
48085030544,13.704130028262288,2
48085031336,13.548885000929218,8
48085031328,13.537603539734185,2
48085030608,13.198994298404584,2
48085031425,13.774980880146638,4
48085030538,12.983858642128688,2
48085031670,14.120024293755419,4
48085031678,,0
48085031674,14.020651723707335,4
48085031672,14.10838344124717,4
48085031673,,0
48085031669,13.90895290822684,2
48085032015,13.135659239141228,2
48085031332,13.592879960037688,5
48085030539,13.012174461917407,4
48085031721,13.393603990743692,2
48085031723,13.138123415260702,1
48085030550,13.736199956968424,4
48085031101,12.138380332014309,62
48085031102,12.677053505745247,100
48085031419,13.432241447173396,16
48085031415,13.363728254504812,2
48085031423,13.568391093773581,1
48085031319,13.65798662968427,4
48085031326,13.646367909247246,17
48113016638,13.690095739595284,5
48085031621,13.655518720859614,4
48085031622,13.308993775900738,6
48085031623,13.47749891093459,3
48085031624,13.64343259405879,2
48085031626,13.615087876103761,1
48085031627,13.674119024644973,4
48085031628,13.305562584860326,3
48085031630,13.86696450931533,1
48085032018,13.549864955565265,2
48085031810,13.420628946157063,2
48085032017,13.461968350088506,3
48085031724,,0
48085031904,13.47832453658247,1
48085031809,,0
48085031811,13.30502671259075,1
48085031722,,0
48085031504,13.713458857563994,2
48085031611,13.955046846945272,1
48085031613,13.791567397422437,2
48085031902,13.186923024864749,4
48085030537,13.022765841380345,2
48085031815,13.393840651973612,1
48085031816,13.524747898942849,3
48085031808,13.505383037951297,3
48085030540,,0
48085030541,13.487241945570444,1
48085030536,13.063703933760255,1
48085031665,13.400307483318871,1
48085031334,13.321520125826384,3
48113013630,,0
48085031335,13.521729567456143,5
48085031812,13.376615048902204,1
48085031813,13.311604420541226,2
48085030902,12.934446326828716,5
48251130213,13.049376803910901,38
48251130212,13.495268299098768,52
48251130210,12.760776744542257,11
48251130211,12.810407314736613,40
48251130214,13.073219654556945,24
48397040508,13.339279388695315,44
48397040305,13.718708557871118,13
48397040303,13.669411031197475,10
48397040202,13.509500346477022,5
48397040407,12.89550826456896,8
48397040408,13.215918570041785,10
48397040410,,0
48397040511,13.5329615640347,16
48397040510,13.582850578062148,13
48397040507,13.620254038560647,13
48397040403,12.81846235350458,17
48397040405,12.718206716033624,5
48397040404,12.946671547634514,5
48397040304,13.82116624982714,2
48397040514,12.915683701692737,7
48397040409,12.730554452261808,15
48397040513,13.01786887547376,25
48397040509,12.958115086008185,11
48397040406,12.591256254878804,2
48397040104,13.474154087396938,12
48397040201,13.196010911548944,10
48397040103,12.974847110035231,9
48397040203,12.932739396602274,6
48085031666,13.044398697824086,2
48085031681,,0
48085030542,13.73263279457674,7
48085031330,13.640381123967854,6
48085031331,13.790428278722613,1
48085031008,13.477200430179124,40
48085030549,13.61468875010483,1
48085031901,13.41297245998127,3
48085030102,13.295776862796473,12
48085031903,13.43171004169194,2
48085030101,13.254258726293989,46
48085031668,13.886316543984343,2
48085031677,13.892144190204924,2
48439102401,13.739831993807258,2
48439113109,12.814641468923915,3
48367140413,12.917312519471778,6
48367140416,13.087051540811704,5
48367140412,13.100120580217313,3
48367140713,12.846994228453998,14
48367140414,13.183666008443803,3
48367140408,12.47363340440901,5
48439113611,13.47368876430108,3
48497150103,13.320404753498726,151
48497150605,13.249887164046521,24
48497150202,13.2542401221874,7
48497150604,13.446659875454806,3
48497150607,13.04001499046036,116
48497150606,12.908476594835369,46
48085030545,13.438179907953858,3
48085030532,13.85053985872959,2
48085030533,13.658748125649158,2
48085030609,13.209368189248607,7
48085031682,13.75515547914683,2
48085031333,13.815524934602603,2
48085032019,14.013178740583779,2
48085031667,13.874966182934779,4
48257050215,13.095296033080514,41
48257050213,12.963336308666191,20
48257050801,12.999448095518241,59
48257050802,13.325846119379555,197
48257050208,13.850627197989992,44
48257050211,13.117230735828604,27
48113012211,14.250822740350843,1
48113012400,14.265848607730282,3
48113016513,13.799083500615865,5
48113016517,13.459229738916948,1
48113016518,13.586706985718047,3
48139060704,13.234101572607427,48
48113016519,13.745766651846278,4
48113016607,13.380950132036855,1
48113016610,13.541181481334482,2
48113013609,13.377686941089026,3
48113013610,13.390451613689999,3
48113013611,13.342533431685084,4
48257050212,12.966677174752203,23
48257050601,12.690410533733193,25
48113015306,13.054982477971073,6
48113015403,12.946024337944802,1
48113015404,12.796942247928207,1
48113015500,13.730851449028716,2
48113015600,13.139494887161769,4
48113007914,14.067896583402074,1
48113013625,13.2504237380763,1
48113018134,13.644101247963723,4
48113017605,14.009125267848527,1
48085031318,13.72825213666552,3
48085031327,13.696196416266067,2
48085031416,13.607474727534493,7
48085031511,13.929025516638548,6
48085031325,13.79382711116815,3
48085031422,13.640647883912322,1
48439105516,13.389444266104773,3
48439111557,12.390202471414746,1
48439113943,13.697284151755332,6
48439113931,13.324260397594356,12
48439114012,13.151796698439677,6
48439113638,13.489441385386646,2
48085031633,13.801409106291441,2
48085031634,13.739705713150961,2
48113011701,13.889163968857702,4
48113011702,13.782054673037232,3
48251130205,12.754640284044918,3
48113012000,14.042436676987283,4
48113012206,14.276548427685922,2
48113012207,14.182520162781056,8
48113012208,13.956476693355379,1
48439113628,13.135997930233355,4
48439113629,12.951589706577645,3
48113010704,13.39607384737335,3
48085030307,13.210514759972888,6
48085030546,13.633439779248999,4
48085031680,13.945634367272683,2
48085030410,13.216639664548696,7
48085030409,13.639728577663117,2
48113980100,12.860090002632145,4
48113000605,,0
48439111015,13.121874828252496,3
48439111025,12.680580230116052,1
48439111031,13.288899937521421,3
48439113924,13.448824307946557,3
48439113958,13.424923558318774,3
48113016407,13.26250809398012,2
48113007101,13.021415533431913,2
48113018002,14.470948153842322,1
48113009105,14.056218440968937,2
48113012210,14.238481720055583,1
48113009610,,0
48113014121,13.718285292197303,4
48113004201,13.35446498092833,2
48113017102,13.46009821138342,33
48113011105,13.780294080504326,2
48113005901,13.889282572406483,2
48113006001,13.591405745246583,3
48113006002,13.654085173760903,2
48113006200,13.814473727894455,4
48113006301,13.533967713717999,2
48113006302,,0
48113006501,13.490690107319375,2
48113006502,13.640531779757074,2
48397040301,13.776272182394173,8
48113011300,13.939383454231145,7
48113002100,13.082280143742077,2
48113001202,14.071465310460253,3
48113001203,,0
48113016903,13.381264949478709,131
48113016617,13.244377637706293,4
48113008703,12.139282951384125,1
48113014002,13.527279159303827,22
48113014124,13.741903598935837,8
48113014209,13.733353787354094,1
48113018508,,0
48113015304,13.226886127652989,17
48113016406,13.735078547664934,1
48113018205,13.396483426854065,2
48113011500,13.288893380074676,16
48113005902,13.564376351876733,2
48113007601,14.10321181479469,2
48113007604,13.815408447323593,3
48113007605,13.92095717663181,1
48113007801,13.784870107611422,2
48113007805,13.479836512707326,1
48439103701,13.619531191602993,1
48439103800,13.879209890504786,2
48439103702,13.142288000529836,3
48113004700,,0
48113004800,13.068585981003627,2
48113005000,13.34410443936941,1
48113005100,12.573212339489128,1
48113005200,13.13862926863298,1
48113002500,13.70385131372426,6
48113019019,13.223640746588961,1
48257051202,13.204760909561205,56
48113005400,13.164581254860014,1
48113005500,13.082621372487488,3
48113005300,13.135261903320332,3
48113005600,13.787296914600374,3
48113013624,13.189550415809597,1
48113005700,12.998501629969535,2
48113007815,13.91522795023576,1
48113007819,,0
48113007902,13.861970082518148,3
48113002200,13.339125270974169,2
48113002400,,0
48121021728,13.663746061774518,5
48113008000,13.941765990094648,7
48113008200,14.156961330877992,3
48439103500,13.611925447984277,4
48257050207,13.85757617500054,5
48257050209,13.226088772000793,10
48257050210,13.458749437400016,31
48257050214,13.425353977429292,5
48439113520,13.080644426541436,2
48439113521,13.037591574250484,1
48439104900,12.317396385975105,1
48439113522,,0
48439113948,12.881746931846866,4
48439111566,13.60857682410456,6
48439105408,13.66447429061401,2
48439111513,13.073872646268633,3
48439113006,13.120167934708245,1
48439111319,13.511290248276424,10
48439111320,13.844705933000022,8
48439113923,13.138854176577745,3
48439106600,12.958994997636177,3
48439106700,13.260232621964132,17
48439106519,12.813197617323333,1
48439113918,13.342188161408725,2
48439113920,13.685188693323,3
48439113936,13.249685324526334,3
48439104602,13.610291527916495,2
48439104604,13.686199959385585,3
48439104100,13.956970962756929,1
48439106521,13.016818063396414,5
48439123301,12.581597298024464,2
48439106524,12.837050915219734,8
48439113934,13.23748689783182,2
48439113223,13.162133892213042,1
48439104400,13.705913643108921,2
48439104504,13.365183949695641,3
48439104505,13.563032895219878,4
48439104601,12.971989869048597,1
48113011401,13.259111645499758,6
48439111516,13.187654630177644,4
48439104603,13.59100995852308,3
48439111505,13.163038962933388,2
48139060217,13.714176810360701,4
48439113947,13.189759898556872,1
48439113957,13.526206361015944,8
48439113636,13.50128306121832,2
48439113949,13.371399602662173,1
48139060104,13.179209394376914,36
48139060220,13.889484353944058,3
48139060219,13.292671404319927,21
48139060216,13.635321528909309,11
48139060215,13.097713653063964,13
48139060105,13.348746990133101,116
48139060103,13.666381686495454,31
48139060106,13.60789130758579,53
48139060218,13.658539325975156,18
48139060221,14.166341995272704,24
48121021611,13.233708920459597,2
48121021612,13.587885941017277,3
48121021613,13.758530342453845,2
48121021614,13.516524094249084,3
48121021616,13.112157861278169,1
48121020601,13.424728269162744,4
48113008802,12.537044062466785,3
48085030512,13.34220007153962,3
48085031632,13.758330611491312,4
48085031625,13.684812519568885,3
48113009603,13.898364559983033,4
48113009604,13.745807599377883,2
48113009605,13.147987610195662,3
48113009607,13.092888235960611,2
48113009608,13.873454045469739,4
48113009609,13.655321659916552,2
48113009611,13.421954645697433,1
48113009702,12.619535843446524,2
48113009202,14.125299295670196,4
48113009301,13.793630679215688,2
48113009304,13.55018486333731,2
48439113514,13.215220368308021,1
48121020800,13.247329029923485,23
48121021203,13.153171351788856,4
48121021531,12.924622984426478,1
48121021306,13.5841542917717,2
48121021644,13.739197330938616,2
48121021651,13.666607470640304,4
48121020605,13.073887192223605,2
48121020120,13.648720491635812,3
48121021533,13.507883029439794,3
48085031509,13.718484632957296,4
48085031510,13.68947072627289,8
48085031413,12.918292436015017,3
48085031418,13.340926646967937,11
48085031417,12.992079399694807,3
48085031414,13.005756429932608,3
48085030606,13.553342691389014,3
48085031412,12.95826684050957,13
48085030607,13.354908548188698,5
48085031421,13.688030786191788,5
48085031321,13.639294321681593,14
48085031322,13.292999828258555,4
48085031320,13.607968347498815,5
48085031420,13.360541114605315,35
48085031324,13.793571911311528,5
48085031323,13.772686977684398,4
48121021615,13.214163851428868,1
48121020305,13.189320535168717,21
48121020402,13.713263696855966,9
48121020403,13.520090241236735,5
48439106512,12.713481951619574,1
48439106513,13.169565464010503,2
48439106514,12.869801715638014,7
48121020700,,0
48121020900,13.26172728424964,2
48121021000,13.638473288745406,2
48121021100,13.796062997652893,2
48121021301,13.747764312321276,1
48439106515,13.059524247495252,3
48121021502,13.44454718318176,15
48121021505,13.044342068205378,5
48439104605,13.519529614338762,4
48439114108,13.440663976519904,18
48439104202,13.630577481635928,2
48439111316,13.63493623321207,4
48439111021,13.345933504691612,8
48439111027,13.286824172700255,10
48439111026,13.01556311037537,2
48439113120,13.124375495565722,9
48439113119,13.035667402209107,2
48439113122,12.88517058481927,2
48439105407,13.574404963230265,1
48439113121,,0
48439113935,13.295737742149143,2
48439114107,13.0207180163997,11
48439104204,13.616730425206024,1
48439104203,13.756376320767833,1
48439100401,,0
48439113409,13.41845871162674,2
48113008500,14.276610399964717,2
48439105204,12.967452073837045,1
48113008604,13.400130203579257,1
48113008701,13.164317766267637,6
48113008704,13.269273363401794,2
48113008801,12.928785553816894,1
48113009802,13.115782248395234,2
48439105404,13.553815316232235,4
48439105405,13.55687849753381,7
48439105502,13.606504801561833,2
48113009104,,0
48439111514,13.051414188524035,4
48439105503,13.027978238786769,4
48439105505,13.438383700302145,3
48439105511,12.935929191009167,4
48439105512,13.037985224228425,2
48439105600,13.400499016662202,3
48439105701,13.370142623590883,2
48439105703,13.343564290984943,3
48439105800,13.375730281332514,1
48439111304,13.006942909811867,4
48439106101,13.103092948520995,2
48439106102,12.791532483205629,3
48439106201,13.191130360515707,2
48439106202,12.738084567158692,3
48439106300,12.808028003247738,4
48439106502,12.699317316310887,3
48439106503,12.597814622169142,2
48439106507,13.169806859215546,3
48439114112,12.890299558533068,12
48439113007,12.836106379514902,3
48439111538,13.245474305508727,3
48439111559,12.592598756129522,1
48439111010,13.175028790413652,85
48251130415,13.294581585937967,5
48251130216,12.768116268474998,1
48251130219,13.09507411772691,12
48251130416,13.637721409768613,26
48251130419,13.747239733157436,33
48251130220,12.85202588649353,15
48251130411,13.928190153289982,18
48251130412,13.776762475509738,46
48251130218,12.665316944458139,3
48251130222,12.916417489941248,3
48251130221,13.276692697433697,4
48251130217,12.65922016885133,2
48251130418,13.187931216380623,4
48139060207,13.420097345102853,17
48139061700,13.51144053971983,11
48139060206,13.640856267727115,13
48251130215,13.304628978142812,33
48257050204,12.870317542829925,24
48439110704,13.05801280271823,6
48439123700,13.514332295359402,3
48439110706,12.95860874799634,2
48439110705,12.938194904575516,3
48439111032,13.36813267246245,3
48439106004,12.899981100989331,21
48439114207,12.989879136694745,35
48439110809,12.68295937094205,3
48439113112,12.633738120463642,2
48439113407,12.797894614370449,2
48439111202,12.615792496668377,4
48439111102,13.000360738847668,8
48439111546,13.276622994142384,4
48439111532,13.043596038391044,4
48439121609,12.900129553375166,6
48439111408,12.928075314735532,12
48439111411,12.878985108916845,7
48439113210,13.546416948791643,6
48439113912,12.840718745101524,6
48439111104,13.19124493435145,3
48439110401,13.096072682097098,8
48439100601,12.89414381209638,32
48439100602,12.849615191779773,15
48439122200,12.319424067343803,3
48439122300,12.275596190065617,2
48439122500,12.568686863663242,1
48121020206,13.40533860059305,49
48121020405,13.196096780763842,23
48121021414,13.191372610045757,23
48121020121,13.68234987242117,17
48121020137,13.957808233968645,1
48439122600,13.046199761348422,2
48439114006,13.11756891418931,2
48139060211,13.827701514373972,19
48139060801,13.713121785028942,17
48139060702,13.754722422246966,35
48139060802,13.637223562864662,14
48139060803,13.33808376669753,34
48139060212,13.117742527169662,5
48139060209,13.481876005490003,36
48497150101,13.249402021043755,12
48497150603,12.941656893369496,57
48085031704,13.481114966634678,2
48439110906,13.005611580222457,18
48439111567,13.186109490180641,2
48439105520,13.442874203386001,4
48439105519,13.329855221584872,4
48439111003,12.808910226466429,5
48439104702,13.166159716993205,3
48439111558,12.835020300543551,2
48439111525,13.12095390505108,7
48439111569,12.82705235001512,2
48439111570,12.636157305053395,4
48439111506,13.079797862708446,7
48439105201,13.487123962429154,1
48439111030,13.292976711285432,3
48439110703,12.921466273881963,3
48439110805,12.711915666929373,6
48439102301,12.99823915160211,4
48439123001,12.996728174187568,4
48439111402,12.750733896111825,3
48113018144,13.611237088324883,4
48113016524,13.860070269816665,13
48113018146,13.694584840928172,5
48113018507,,0
48113019045,,0
48113019047,13.395659430525644,2
48113012802,13.998572818194763,1
48113016530,13.618172817681334,4
48113008402,13.98566515458785,3
48113016531,13.712581084981837,3
48113019051,13.72512009364107,8
48113019216,13.482889228534352,1
48113008101,14.070123731151043,3
48113018151,13.304247594208215,5
48113013202,13.4578890841214,4
48113013012,,0
48113008102,14.19147044130654,4
48113016527,13.261857564334589,11
48113000801,,0
48113000902,14.121348026351875,1
48113014142,13.655194417414997,1
48113012801,14.099747725265905,3
48113021200,13.023850993005011,22
48113007915,14.1039800211964,1
48113012502,14.059224148743578,1
48113012501,14.051510946379572,1
48113016635,13.783973544057957,3
48113016534,13.26508831776112,3
48113007702,13.762755029992324,2
48113007830,13.912426064670674,1
48113013808,13.33769143919572,4
48113014704,13.533730309275114,2
48113007206,13.768254170067927,1
48113016420,13.625663275743271,1
48113010001,13.32499954411141,8
48113007831,,0
48113016532,14.061492739729905,3
48113013807,13.71760897813472,2
48113014157,13.738283247807392,7
48113014156,13.724151154321582,3
48113014141,13.576398039962701,1
48113014314,13.698823200238586,4
48113014318,12.886194499839949,1
48113014155,13.629942700842397,1
48113014158,13.868645158867396,2
48113014409,13.627055081180046,4
48113014410,,0
48113014316,12.787876537682703,1
48113015406,13.340901829000014,4
48113014140,13.976314517172616,1
48113014154,,0
48113014147,,0
48113014153,13.86396269683607,2
48113015101,13.01951913847595,3
48113015208,,0
48113015002,13.155722043502246,6
48113014144,13.484809045063425,4
48113014313,13.59952904648807,3
48113014320,13.803815403971017,1
48113016634,13.68773688147698,12
48113007203,,0
48113019215,13.744169065311818,2
48113019214,12.96353272339855,1
48113013729,13.793921035527282,3
48113002001,13.118982895300519,2
48113010002,13.20736433432326,2
48113000705,13.62830932215239,1
48113016636,13.823994346329714,3
48113016528,13.800651730405523,5
48113016526,13.695220930797486,1
48113016419,13.504460345520101,4
48113016204,13.03088756506694,3
48113016536,13.428976705552397,1
48113000706,,0
48113001901,,0
48113001801,,0
48113000703,,0
48113001802,,0
48113000610,,0
48113000407,12.701522783013166,1
48113000408,,0
48113016533,13.204350224830613,16
48113016535,13.39949406573583,2
48113003103,,0
48113010809,13.049570309988034,2
48113006701,,0
48113014149,13.94975037474871,1
48113007916,,0
48113013631,,0
48113013107,13.759167789412093,1
48113019049,13.6746481014276,2
48113980200,13.530367516148496,1
48113018150,13.509232710704014,4
48113016708,13.362782612980316,4
48113020800,13.51685920808967,3
48113000802,13.710051899568938,1
48113001602,,0
48113020401,13.332410429481083,1
48113015207,13.020511172436525,4
48113015102,,0
48113015001,,0
48113014143,13.499491804475829,3
48113010906,13.74537571784314,3
48113002002,12.721802351084259,1
48113000607,,0
48113016203,13.374032651105102,1
48113016421,13.428383337973067,3
48113016414,13.619725100764345,1
48113000501,13.288355373351934,1
48113000503,,0
48113000502,13.490185770655678,1
48113010905,14.264718349166989,1
48113000409,12.40814385310553,4
48113001902,13.229227470928082,1
48113000704,13.695470312310245,1
48113001705,,0
48113000609,13.060330501961671,1
48113000611,13.051080989065351,1
48113003102,13.85052544964758,1
48113010808,13.577885310328528,1
48113006702,,0
48113010806,13.526374450113247,2
48113011004,13.574961991107331,1
48113011003,13.534295312082055,1
48113013628,13.850022055241421,1
48113013629,13.433271390336962,1
48113014145,,0
48113016711,13.869419561607232,2
48113011201,13.680009973221077,4
48113016707,13.712526472579734,2
48113007829,13.301050485619703,2
48113019044,13.548829721955705,2
48113019046,13.470630208014024,2
48113012212,14.352638592316092,1
48113016706,13.72896851092764,2
48113019048,,0
48113017816,,0
48113007832,,0
48113018152,13.434735976795006,3
48113000901,,0
48113000608,12.636160411264935,1
48113012213,14.170386197918699,2
48113010807,13.173933670363127,2
48113016415,13.388597799528304,4
48113007701,13.490060053904793,1
48113013728,13.668132084443261,2
48113010003,13.263675329130805,24
48113016418,13.244436676745188,4
48113013201,13.4094727932819,4
48113013106,,0
48113016417,13.202507640316375,2
48113014146,,0
48113013627,13.5379182701263,2
48113007205,,0
48113007204,13.666535626811973,1
48113000410,12.93131931699467,2
48113014160,12.94183261332197,2
48113016637,13.488616164461357,3
48113014159,13.884889529265418,5
48113014150,13.537161013017963,1
48113014152,13.636990056301645,2
48113014317,,0
48113014151,13.405878568032156,1
48113014319,,0
48113014148,13.897479406389113,4
48113014315,13.490852759845986,2
48113014161,13.13434241265857,2
48113015405,13.265239590272632,4
48113014139,,0
48113014903,13.014911072044114,3
48113014208,13.503263117025291,1
48085031645,13.836392546731217,2
48085031646,13.893923431192958,4
48085031647,13.914708538217223,4
48085031649,13.640356920760391,5
48113016633,13.627734938239357,6
48113011603,13.655606265928853,4
48113014207,13.813681084382672,1
48113017005,13.560032679407813,12
48113017009,13.445193209477797,1
48113017007,13.09145328622311,7
48113017706,13.270724240401714,3
48113017817,14.329933970772357,1
48113018158,13.353024018447345,23
48113017313,13.788599878900916,13
48113018154,13.320000918518822,3
48113018157,13.254684679342517,4
48121020404,14.057311674264476,2
48121020116,13.551010875333537,3
48121020123,13.932437735380688,10
48121021530,13.573628698609362,3
48121021655,13.717975872979592,6
48121021417,12.843206407900134,2
48121021419,12.97640024632529,4
48121021420,12.560992493409357,1
48121021421,13.233619303363595,3
48121020320,13.239477597936096,45
48121020317,13.51090000250667,20
48121020314,13.364664761994215,57
48121021653,13.410195734026328,4
48121020316,13.409131772103132,20
48121020318,13.291417585762117,15
48121021423,13.164722285280563,3
48121021642,13.245940631325666,1
48121021415,13.394212598599859,12
48121021650,13.716423349207062,3
48121021539,13.451577587961324,5
48121021529,13.680615484246069,2
48113018300,13.365001122801287,4
48113018401,13.878468099295034,2
48113018402,13.638326230575354,1
48113018403,14.024003490740078,1
48113018600,13.594475319793496,2
48113018700,13.24391114872576,1
48113018143,13.520059329021562,14
48113019101,13.521248748049228,2
48113016416,13.435251644547735,16
48113016525,13.859209165041431,15
48113017818,14.486837295258457,1
48113017705,13.256176243821624,2
48113016710,13.556949028212749,3
48113008401,14.17259757523129,1
48113018148,13.741768839963301,1
48113018156,13.361883109299097,5
48113016629,13.594149672874298,2
48113018153,13.590604356839835,3
48113011202,14.084203464485991,4
48113009001,14.236452511329333,3
48113016630,13.466510516710912,6
48113007834,13.999614940815615,1
48113007835,,0
48113017819,14.495632281129215,1
48113018159,13.341864779451043,32
48113009203,14.013282927493483,2
48113009002,14.203638097297352,3
48113019102,13.387371471312283,3
48113007833,,0
48113017312,13.410370068185234,2
48113012102,14.187007389814259,1
48113016805,13.915826140245535,2
48113016529,13.18011692106383,2
48113011604,13.714246225464898,4
48113018145,13.560344123002272,6
48113018149,12.979694443367777,2
48113017010,13.562862645435905,5
48113017309,13.653595967069993,2
48439111531,13.210392497140187,4
48439111533,12.885629348840421,2
48439111534,12.866219655866297,5
48113018801,13.468848084808606,4
48113018802,13.026320595373999,2
48113018900,13.463408221972566,5
48113019013,13.304696302454758,2
48439113803,13.557391458464924,2
48439113808,13.998032815702945,5
48439111545,13.217255353017185,6
48439113102,13.034195946561981,14
48439113104,13.24569763451246,1
48439113107,12.79803815449339,3
48113019016,13.198819779778947,1
48113019020,13.570841446221463,2
48113019023,13.967172258824375,2
48113019024,13.697725633110013,1
48113019025,13.74452327154697,1
48439102402,13.774663100997723,3
48439110808,12.85850330103219,50
48439110901,13.135284735155414,5
48439102302,13.307931803847982,5
48439110903,13.578783437537547,1
48439111560,13.163564389195866,5
48439111568,13.536026018139166,2
48439113213,13.40279768246208,3
48439113214,13.496574936125446,2
48439113215,13.564172847052806,2
48439113216,13.631958512225873,3
48439113217,13.541705684980593,3
48113019026,13.68040089657769,2
48113019027,13.544177008405105,5
48113019028,13.889451110533106,2
48113021100,13.187038592067637,11
48113016632,13.512388567661018,2
48113016628,13.620575155400935,2
48113011901,13.943198197080527,2
48113011902,13.910799355313593,1
48113009204,,0
48113011802,14.003895901584277,4
48113017307,13.493151421014351,3
48113016627,13.88989043375352,1
48113011801,13.917453462665755,2
48113001601,13.77015963115498,1
48113007828,13.657556427143403,2
48113013013,13.87988857417643,2
48113002703,13.272379842433788,3
48113020900,13.380271837180002,3
48113018147,13.438322432413461,4
48113021000,13.323257171736401,5
48113017308,13.3508388746607,3
48113017203,14.02426748223725,3
48113017311,13.441518174493016,2
48113017314,13.461029874158648,16
48113017006,13.268666435839267,65
48113012101,,0
48113017820,14.387340860591207,2
48113016806,13.928727958536086,3
48113016631,13.483306534902907,3
48113020402,13.398309010601306,5
48113017204,13.932389431504294,2
48113017315,13.77331101772755,3
48113017310,12.889345554529905,2
48113017008,12.912386080360005,16
48113018155,13.280655269650632,14
48113017815,14.302140101954302,3
48113016709,13.672465120262466,29
48439100800,13.4866668632729,3
48439113810,13.777066384169098,5
48439102201,13.122391615520602,5
48439102102,12.427221145922763,2
48439100700,13.097689307952123,5
48439113212,13.601329984823508,4
48439113302,13.877485354514413,2
48439100505,12.898129425597961,5
48439114003,12.989504793903816,13
48439113950,13.372560135195092,5
48439113951,13.126128212427957,4
48439113925,13.800951467516763,1
48439114111,12.974086596546647,16
48439106509,12.97854122786452,14
48439113916,13.542212848240514,1
48439110206,13.752737746090585,4
48439113811,13.55553917027956,2
48439100201,13.005746968444182,2
48439110301,13.847203746778376,5
48439110104,13.58097430863792,1
48439113944,13.359868182184579,3
48439113707,13.431494135152125,7
48439113714,13.632355117262286,8
48439113716,13.546713205608661,2
48439113634,13.621630121189463,5
48439113712,13.354444048406775,9
48439113709,13.185778400469848,3
48439113640,13.186779499265842,9
48439113632,13.457314866569021,4
48439980000,13.248601216311865,42
48439110600,12.856319022571718,4
48439123002,13.425794316172055,2
48439110500,12.985913489117499,5
48439100506,12.37957721537984,2
48439113711,13.562483693667012,1
48439113713,13.377109711514658,5
48439114206,12.916145190079074,16
48439110402,12.875400145346177,3
48439113814,13.188362539936021,4
48439106526,13.218673528482919,8
48439113917,13.673733418095642,1
48439111103,12.929686078484446,1
48439106400,12.90854044442582,11
48439102101,,0
48439113933,13.279644502812724,3
48439114015,12.693017143643322,1
48439111405,12.678860910828057,15
48439105009,12.809004228294047,20
48439105403,13.7341338624213,6
48439113639,13.41759710041948,9
48439113812,13.282505159730883,4
48439113954,13.57244507231778,16
48439113952,12.721637986816464,4
48439106520,,0
48439101201,13.347307343512668,16
48439113624,,0
48439113625,13.238186029793573,1
48439113626,13.411239667173659,1
48113019029,13.492181963971149,3
48439105518,13.483882290821343,3
48439105515,12.80262548510038,2
48439105705,13.068686018621767,1
48085031635,13.84623333466038,2
48085031636,13.84793464760686,4
48085031639,13.934797394645395,1
48085031641,13.139271037188598,3
48085031642,13.269521499927588,2
48439113630,12.936197241531822,2
48113019031,13.827705966048148,3
48113019034,13.100174564803348,2
48113019035,13.407630494653453,2
48113019036,13.706901399439706,1
48113019037,13.733548072284155,1
48113019202,13.290673507409153,3
48113019203,13.380319221279732,3
48113017101,13.695421802713224,11
48113017201,13.813789873365538,7
48113019205,13.594425330522235,2
48113019208,,0
48439113942,13.130348876452018,3
48439114014,13.16680805826426,5
48439113939,13.222166238051676,3
48439113222,13.307979579110572,1
48439114013,12.864725579121878,7
48439113930,13.202675474709878,7
48439110103,13.262230983084766,2
48439113637,13.366422201839343,2
48439113635,13.296303431523679,2
48113017400,13.212850769717571,2
48439111553,13.164955877521756,2
48439111024,13.129684133327437,1
48439106002,12.896337129184884,14
48439113510,13.595921692257951,4
48439111530,12.866125348172062,6
48439105206,13.169626377297275,1
48439111563,13.07869653924547,3
48439111029,13.26465942787353,4
48439106006,12.376514073845922,1
48439105706,12.85987505195525,1
48439113956,13.154902265752913,11
48439111564,13.576163564876254,9
48439105008,12.795004686172136,5
48113017704,13.237220030394264,3
48113017500,13.35870864605756,5
48113017805,14.025698639168727,8
48113017806,14.25591874713029,3
48113017602,13.916790168274295,3
48113019210,13.701002159978882,3
48113019211,13.465696701789406,3
48113019301,,0
48113019400,13.55094847342901,1
48113019501,13.357841950860971,2
48113017811,13.882608365982149,2
48113017812,14.059546625830881,1
48113017808,13.665904808170332,2
48113017814,13.625316842517188,4
48113017900,14.22975805168626,3
48113019502,13.482781271992941,3
48113019600,13.696887523139939,1
48113019700,13.50318349286247,3
48113019800,13.036656834545575,2
48113019900,12.71525475037231,2
48113013607,13.478191639584239,2
48439113623,13.588871245319854,4
48113015900,12.925927374087332,9
48113012604,14.227035705586097,3
48113013010,13.626323906452308,2
48113013622,13.270384342717636,1
48113013621,13.553318358486067,1
48113014135,13.748182352585491,2
48113014134,13.42923582302202,2
48113016626,13.968629823543242,2
48113016621,13.482528060262744,3
48113016623,13.48661119832761,15
48113018142,13.271755221415585,10
48113018141,13.528256937932214,6
48113018137,13.607360136918055,4
48113018138,13.795354288817315,2
48113018140,13.612086839916612,6
48113019042,14.00226753239528,6
48113019050,13.812853971192403,4
48113019052,13.553894592119885,2
48113019053,13.588560732323721,2
48113019039,13.692498415709636,6
48113019213,,0
48113013726,13.38495310426388,3
48113016624,13.686766183710304,8
48113016622,13.547612345928927,6
48113010903,13.461898332646582,3
48113001703,13.753547938994318,1
48113019212,13.134899726176087,1
48121021528,13.521716785304317,1
48121021535,13.738731474725085,6
48121020311,13.133461685360663,3
48121021410,13.460601189298167,15
48121021413,13.713747699798786,3
48121021411,13.43137484347321,29
48121021754,13.342135496675255,4
48121020312,13.217168302946595,15
48121020322,12.962183798845498,26
48121021537,13.751209932763032,11
48121021422,13.385074253704648,8
48121020319,13.221494704836628,65
48121021756,13.080041962910474,2
48121021412,13.546232298169015,19
48121020130,13.785694224177687,12
48121020136,13.760340840210603,7
48121021641,,0
48121020128,13.407879652090154,24
48121020508,13.294829321388223,1
48121020132,13.690611203920017,2
48121020133,13.652041033547718,6
48113020300,13.40418450866289,5
48113020500,12.431171705620278,6
48113020600,13.564084021915297,6
48113020700,13.365772286393087,7
48397040512,13.59516688920456,5
48113012301,14.041562411345282,2
48113012302,14.252396416969498,3
48085031003,13.017253236251866,30
48085030302,12.999350817891644,12
48085030529,13.8172953547862,2
48085032010,13.364971196288025,6
48085031202,12.998802528203711,51
48085030201,13.012080321615462,36
48085031201,13.21463063936756,59
48085031713,13.279622296147672,1
48085030303,13.377702496220559,11
48085030304,12.689406242469524,17
48085030801,13.029279770802127,3
48085030702,12.53500226850218,2
48085030701,12.93619370873442,7
48085030605,13.382670695596705,7
48085030531,13.643252430590573,3
48439113005,13.206157131763202,9
48439122001,,0
48439122002,12.712168351651737,2
48439121907,,0
48439121904,13.207924787239797,3
48439121908,13.381487184126577,2
48439111306,13.532330687360194,9
48439111522,12.836378564878276,1
48085030525,13.784208091139982,5
48085030516,13.299284847394205,4
48085030511,13.250809736927883,12
48085031411,13.689882630373319,9
48085030510,,0
48085030507,14.229297228978124,1
48085030509,13.965251761101841,1
48085031711,13.37414710039437,2
48085031657,14.136925236292678,5
48085031660,14.095291855553853,2
48251130100,12.967239660781004,58
48251130405,13.646049081464849,46
48251130406,13.613517569306795,35
48439111555,12.896948293944755,4
48439111556,12.99354303479141,1
48439111572,13.015530985610596,2
48439111571,13.263910061774629,4
48439111536,13.192903919779775,3
48439111561,12.620376845301507,1
48439111562,13.352881979591293,4
48439110907,12.896479340103362,2
48085032008,13.82369738414373,4
48085031629,,0
48439110205,13.144547594931423,3
48439111315,13.750599312617396,3
48439113941,13.279440977130719,15
48439114010,13.215884987181566,6
48439114109,13.219350504396374,11
48439122702,12.996231443781358,2
48439113004,13.37454905112233,2
48085030505,14.040215065463451,6
48085031661,14.113680939487168,3
48085031408,13.496452181319663,6
48439111317,13.363012453668345,22
48439122701,12.881369037315615,2
48439123302,13.178251435051456,1
48439111020,12.567425766042412,1
48085031508,12.976672686842257,4
48439111022,12.815055480314799,4
48439111019,13.232990990103492,5
48439111318,13.265544102727894,18
48439111554,13.297486130852858,2
48439113940,13.25083998157945,4
48439111023,13.433743844184042,3
48439121612,12.776951696145014,4
48439106525,13.583440108290239,1
48085032013,13.626538800480054,5
48085031654,13.858492625197195,3
48085031655,14.08447588382672,2
48085031807,13.268060994845596,3
48085031664,,0
48085031663,14.074404413456552,2
48439100101,12.24926762323865,1
48439113403,13.205919942191088,2
48085031716,13.152850783620746,1
48085031715,13.195878149859558,3
48085031720,13.421709246907838,1
48085031719,,0
48085031806,13.494157501974641,2
48439114204,13.008139510489787,11
48439102700,13.189984249320833,1
48085030301,13.338686019263003,23
48085030404,13.683488097405622,4
48113013626,,0
48439121704,12.835436165580418,1
48113011002,13.982525079606217,3
48439103602,12.781612102042448,1
48113011101,13.08746024813638,3
48113011103,13.433579032143012,2
48113011104,13.652303312148788,2
48113010101,12.923471468823905,3
48113010102,12.633212379834337,2
48113010500,12.988943690685602,5
48113010601,13.293346548821901,7
48439114110,12.866161666562666,24
48439104302,14.081709365628798,2
48439106522,12.607085718612968,4
48439113937,13.36084849850394,2
48113010602,13.475771113155284,2
48113020100,13.34115119717156,12
48113020200,13.260616718687745,23
48113014128,,0
48113016522,13.632393864520656,22
48113017606,13.877557776456158,5
48113000606,,0
48439114205,12.448839204654917,7
48439111565,13.738424835507608,3
48439111028,13.453469985080039,5
48439106005,12.234343102974991,2
48439111033,13.160569068908677,8
48439105207,,0
48439110807,12.749800521870403,17
48439111204,13.280038519832848,15
48121020115,13.676174948978591,30
48121020506,13.156367945713528,11
48121021304,13.621859321824028,7
48121021513,13.489416520621816,6
48121021619,13.451306916654106,11
48121021720,13.011086305964941,2
48121021622,13.427821863245995,5
48113016803,13.522979768236947,4
48113007812,13.32956346664366,3
48113009803,12.80203451354481,3
48113013717,13.565446711108358,1
48113006100,13.96053489738713,1
48113017604,13.947866851091723,1
48085030519,13.112315424571147,25
48121020135,13.909747960992288,5
48121020134,13.695301212074112,7
48121020126,13.757287334491386,4
48121021538,12.898059962700401,4
48121020127,13.759812313485943,5
48121021540,13.594891059185668,4
48121021640,13.77076522670059,1
48121021755,13.29330219206838,8
48121021534,13.707783128353492,20
48121020315,13.252772992310183,37
48121021654,13.29852588226215,3
48121021649,13.27751422651788,2
48121020131,13.672513927707833,25
48121021759,12.92755072020652,1
48121021648,13.75352477505153,3
48121021307,13.488439970858428,4
48121021418,13.2105569691348,3
48121020604,13.136300159380715,2
48121021643,13.648201117940408,3
48121020119,13.70618417599188,2
48121020603,12.859001321081386,2
48121020507,13.509732584028672,2
48121021646,13.42318278257126,4
48121020321,12.99334800485798,23
48121021416,13.01433515603708,2
48121021536,13.762478479160366,4
48121021204,13.289698544994007,5
48121021652,13.837125370004097,1
48121021639,13.788099388266716,2
48121021758,12.920272039527186,3
48121021757,13.213342545511356,8
48113007809,14.076377483188836,3
48113019033,13.34212613459154,2
48113013618,13.635635304092498,2
48113009900,13.484830443396705,22
48113009804,13.170934066582383,1
48113016516,13.419827049236762,2
48113018132,13.694020859099306,4
48113009103,,0
48113001504,13.267919275241583,1
48113014308,,0
48113006800,12.674097431119813,4
48113006900,13.714551166005506,1
48439113932,12.811934165950882,23
48439100402,13.264576745726243,1
48439114011,13.236352894974932,4
48439113938,13.314202441912938,1
48439114009,13.431787172318707,3
48439114106,13.177322730984146,22
48439106523,12.80948201583292,1
48439113410,13.098862763826308,4
48439105517,,0
48439104301,13.751197161613856,2
48439122402,12.295392401934201,2
48439113118,12.325253169426805,2
48439113117,,0
48439111410,13.116536980331428,2
48113009701,13.1006748564545,1
48113014603,,0
48113016618,13.559334227545667,5
48113016619,13.406218900674624,1
48113018130,14.096646186268416,3
48113019032,13.567758460828717,2
48113000100,13.205011924638617,3
48113000201,14.00275706367956,2
48113000202,13.893756500264754,1
48113000300,14.291712211107564,1
48113000401,13.495822301719617,1
48113000405,13.386178363140722,1
48113001001,,0
48113001002,14.026044355033935,1
48113001102,14.06501597437465,1
48113001204,14.425303313506614,1
48113001301,13.608200243200683,1
48113001302,14.323762952994704,1
48113001400,13.554055877884641,1
48113001101,13.538559753019769,2
48113001502,13.862038733869605,1
48113001503,14.059852681342969,1
48113012209,13.66145454756598,1
48113016620,13.659104227825766,6
48113016409,13.664393083624912,4
48113009303,13.123407310041978,6
48113016902,13.444514591796692,29
48113011601,13.202451139296361,13
48113019302,13.889517159892137,2
48113014601,13.429450590829816,1
48113004600,,0
48113007102,12.83441393501927,3
48113007301,13.646257703384538,2
48113007302,13.47758989755817,3
48113003700,13.623723556014882,3
48113007810,13.344909171477273,1
48113007903,13.984190946445361,1
48113007906,13.341254463399824,1
48113016802,13.912714986123701,41
48113016704,13.396594282605196,2
48113018105,13.216151988674099,3
48113018001,14.229303637306757,2
48113018110,13.644991827304912,7
48113018203,13.17478909821315,4
48113018204,13.264586480461682,3
48113018206,13.357270196132848,2
48113017703,13.699022193218207,3
48113008705,13.078386550947165,1
48113010701,13.076685064067513,10
48113013901,13.502436073402528,1
48113004202,12.904006113165892,3
48113004300,12.946941137278843,4
48113004400,13.351970892075672,1
48113004500,11.997572932360544,1
48439113516,13.96440424244845,1
48439113607,12.889624780536227,2
48439113612,13.466799330615398,5
48439113613,13.103089282095743,5
48121021526,13.205196096505608,4
48121020313,13.429948213360959,149
48121021645,13.710086129608381,8
48121021647,13.769260526845208,1
48121020122,13.689954524238592,4
48121021532,13.903673153994427,2
48121020125,14.009831262540406,5
48121020124,13.987989759664162,2
48397040101,13.719200952486773,9
48121021900,13.424427228107394,4
48121021522,13.523477504479024,6
48121020505,13.064744733822707,6
48121021746,13.247259686181325,11
48121021719,13.050647106088297,7
48397040503,13.62877117138052,9
48121021305,13.691704686355246,2
48121021202,13.34896944333527,3
48121021618,13.725515546339654,5
48439113618,13.125165597582654,2
48121021517,13.377299631113289,16
48121021745,13.552445647029533,2
48121021744,13.719455668109426,2
48121021716,13.560249695577149,3
48439113619,12.814033211753074,2
48121021514,13.10787540119714,3
48121021717,12.693039184287326,2
48121021715,12.745844401079806,2
48121021721,13.110416632540668,3
48121021516,13.734383648580424,6
48121021518,13.820708297026838,4
48121021621,13.338785844296737,5
48121021521,13.85695537972891,4
48121021723,,0
48121021730,13.584737624451504,3
48121021740,13.742527969099818,1
48439102500,13.71290088829838,3
48439100900,14.016250006887041,1
48439101202,13.093381265244782,8
48439101301,12.862056459910137,4
48439101401,12.953492636645242,4
48439101403,12.969221947304927,2
48439101500,13.293119870560306,3
48439101700,12.853645002140405,2
48439101402,12.9737876802016,2
48439113622,13.600258513362279,11
48439100504,12.825788614047466,3
48439100503,12.784307901141338,1
48439121613,12.802806018456941,1
48439121614,12.432639488454049,1
48439114105,13.147479836413668,62
48439121615,13.339372848707951,1
48439122401,,0
48439104802,13.263842132687703,1
48439100102,13.267880869074917,3
48439100202,12.827053821406269,6
48439113003,13.147546993679713,9
48439122901,12.538569520753647,1
48439122902,12.741801066309282,1
48439100300,12.73303093203594,9
48439102000,12.183049051562095,6
48439102202,13.48325785238221,3
48085030515,13.531719731276745,2
48085032012,13.457506862494407,1
48085030506,14.14877919173294,3
48085031662,13.952926174042856,1
48085030405,14.123510957089769,3
48113018120,13.173254024756202,4
48085030504,14.120977203773911,6
48085031717,,0
48085031507,12.91182885761615,2
48085031659,,0
48085030403,13.246395115184688,6
48121021630,13.55042358212512,1
48113013615,13.313928662333986,1
48113013617,13.461063793163472,2
48113013619,13.333493356048086,2
48113018121,13.130169809298422,2
48113018126,13.737138357716777,5
48113018127,14.17190126974363,1
48439113110,12.389774998201366,2
48121021739,13.4780975669969,1
48121021633,13.795889534572453,2
48121021632,13.272550563345085,2
48121021635,13.291696530089572,1
48121021634,13.56230998750252,1
48113013715,13.366857100007827,1
48113013716,13.528827298497013,4
48113013718,13.340904442752132,1
48113013719,13.43156862803724,3
48113013720,13.096642275595293,2
48113018128,13.657384087883464,2
48113018129,13.779007730347455,5
48121021638,13.701615120602671,2
48439111312,12.90382841244027,11
48439111307,13.116333636384862,4
48439111406,13.388291784497762,6
48085031631,13.828558161087258,2
48439123500,13.814699329650052,4
48439111308,13.06667025341431,3
48439122801,12.375588716519967,1
48439111552,13.373483807808443,1
48439113115,13.047710686334154,1
48113013721,13.227047873859169,2
48113013722,13.16943823816441,2
48113013725,13.466991992301809,2
48085031706,13.355843840446413,1
48121021620,13.540370547684617,3
48121021750,13.34724832820921,13
48121021742,13.130446977332245,4
48121020111,13.798795372195297,2
48121021637,13.210984175019048,2
48121021743,12.91305523799877,1
48121021727,13.372444133710461,11
48439122802,12.559050910025165,3
48113013804,13.435327498556719,2
48113013902,13.44760282875896,2
48113014001,13.138603158736673,3
48085031708,13.536294953469762,2
48439121905,12.8592604305836,2
48113019040,13.228752770594445,3
48113018506,13.389481869699585,6
48113010904,13.589602405957262,10
48113014132,,0
48121020110,13.459800549120825,4
48121021626,14.036509748442274,2
48121021737,13.110425042323227,3
48121021738,13.46727002747083,6
48121021735,13.561400231183931,1
48439113116,12.736680482332225,1
48439123100,12.995257737042593,3
48439101302,12.97768749085507,5
48439110806,12.555390902076383,10
48121021631,13.54127843105842,2
48113018501,13.453922963814707,9
48085031709,13.672700949831716,5
48439121606,12.754915334166549,6
48439114203,13.05749848864177,36
48439113813,13.164483728045147,3
48439102602,13.580149335167803,2
48439102601,13.675904999263151,3
48439104804,13.379941531008226,2
48439113919,13.66651758021643,2
48121021733,,0
48121021734,13.624094014675508,1
48121021732,13.398729019315688,1
48121021731,13.611926040107953,1
48121021729,13.19491929911778,3
48121021726,13.069659236270919,1
48439113221,13.701025688896642,4
48439104803,13.764914526314968,1
48113014119,13.742431522794023,3
48113014120,13.744261071521734,2
48113014123,13.394654020555064,8
48113014126,13.75174740028174,13
48439105902,13.26934905683558,5
48439105007,12.849943838627265,8
48439105514,13.397002512926736,2
48439105513,13.536487875980361,1
48439111018,13.27306980561703,33
48121020112,13.698749094349079,1
48121021725,12.973958300324842,2
48439111526,13.064393629879975,2
48439111529,13.339758493196381,2
48439113710,13.55148610018055,2
48439104701,13.461283883057193,1
48439113517,13.68364636402192,1
48113014203,13.191809543895468,3
48113014204,13.093806086578255,5
48439111309,13.014342651880193,6
48439105901,13.20357526514269,4
48439123200,13.104011677953324,10
48439123600,13.293067302497974,3
48113014306,13.706273296802218,4
48439111540,13.28871123262706,5
48439111541,13.227153980766559,2
48439111542,12.69352684109869,2
48439111543,12.783515988921831,2
48439111544,12.93192523068038,4
48439111551,13.25061201194714,5
48439111311,13.297184047988356,5
48121021722,13.120634326023378,3
48121021749,13.271614149404627,3
48121021751,13.262930130730073,1
48121021752,13.369158373072537,3
48121021520,13.352458840407222,1
48121021800,13.86759716485058,3
48439113108,12.916115841875623,5
48439113206,13.354373370794889,4
48439113207,13.570766989425604,2
48085030521,13.350804885773808,2
48113012601,14.413653500772865,2
48113012701,14.286798413222497,3
48113012702,14.167216099952164,2
48113012900,14.106807186689574,6
48113014310,13.820818108748401,1
48113014405,13.349076784735075,2
48113014406,12.914894891639676,2
48113014407,13.887536536935729,1
48113014408,13.718308820123235,3
48113014309,13.774154141435746,1
48085031643,13.348157739924146,4
48085030520,13.495331868692487,2
48085030407,13.658038729717044,5
48085030406,13.885365983072305,2
48085030518,13.294092343551984,14
48085032003,13.19328802454466,2
48113013620,13.2546575016447,1
48113006402,13.05075317009532,1
48439113218,13.66935420332363,3
48439113301,13.593684344754996,5
48439113408,13.14449648409622,4
48439106518,13.447559450619112,7
48113010804,13.229258266857851,2
48113010805,13.22211982723108,4
48113006401,,0
48113013104,,0
48113019041,13.477969914708627,2
48113007823,13.60433585000665,1
48113007822,13.965515371594293,3
48113007821,13.8793682245346,1
48113013011,13.321153237584804,1
48113007827,13.490814515677735,1
48113013005,13.945006618091021,1
48113013007,13.843697257595482,1
48113013008,13.846107721627368,3
48113013009,13.636962093701317,2
48113013101,13.565865993020186,2
48113007826,,0
48113007824,13.883428309436264,2
48113007825,13.352262438261059,2
48113013102,13.42729632035981,1
48113014501,13.408345017022063,2
48113014502,13.120589008536005,2
48113014602,12.951250273726037,2
48113014701,13.365950748046904,1
48113007910,,0
48113007909,,0
48113013806,13.536593548565753,5
48113013727,13.23044685669533,4
48439113509,13.260244864196585,2
48439113511,12.960094502403075,3
48439113512,13.168811946226628,3
48439113513,13.271156617559118,2
48113014205,13.560346331382261,3
48113016412,13.751813398632228,6
48113013300,13.516235015621662,2
48113013400,13.997693479579262,1
48113013500,14.059660170627607,2
48113013605,13.843441939185597,2
48113013606,13.425381581775966,4
48113013608,13.464376110145892,4
48113015202,13.294920426370224,1
48113015205,12.814443788434467,2
48113015206,,0
48113015303,13.550828806021658,4
48113015305,13.178575481603325,2
48113009101,14.172546436415967,4
48439110905,13.366506848833055,8
48439121610,12.843086775686963,2
48439113908,13.223594570851086,6
48439104502,13.73418202595667,2
48113009401,12.975603214758522,2
48113009402,13.335647196606141,2
48113009500,13.344126120934767,2
48439105203,13.226911723383694,2
48439110204,12.786504875191897,6
48439110302,13.410669805097946,3
48439113816,13.28543553865024,4
48439113815,13.121231282645113,7
48439113519,13.389116312600136,4
48439111407,12.894127517924431,5
48439111409,12.615251382931456,4
48439121906,12.727228305746124,2
48439113633,13.620024326801357,3
48439111203,13.2411436981723,17
48439111314,13.741184212251069,6
48113012603,14.325481720449151,1
48085030604,13.175743775972519,6
48085030202,13.198055655530297,1
48085030802,12.841362138911592,3
48085030517,13.709573471355956,4
48085031314,13.608758458046907,19
48085031308,13.604376815189479,20
48085031718,13.678559070381752,2
48085030524,13.18692869510344,3
48113014138,13.499678358570877,3
48113014130,13.607082732185154,3
48113007912,13.516074568169735,1
48113013805,,0
48113016521,13.437904301091084,19
48113018505,,0
48113980000,13.296523177189853,30
48113007913,13.938595625167014,1
48113018133,13.564654642261807,6
48113020000,13.720959349957166,5
48113018135,13.63138270894826,6
48121021741,13.625086656441093,1
48121021724,12.84599574674291,3
48121021736,13.665309060023269,1
48121020310,13.371835936140776,63
48121021748,13.096125321595935,3
48121021512,13.26353992151572,19
48121020109,12.904299170350898,15
48439110102,13.692173821063653,3
48439121605,12.763661954605928,3
48439121608,12.802156845985309,2
48439121611,12.91738737244703,3
48439121702,13.103539163683571,4
48439121703,12.923067174210113,1
48439103601,12.98560209549603,2
48439113404,13.076176249385053,2
48439122100,12.750682573871748,3
48113019018,13.526767077822822,2
48439104503,13.370335355911243,1
48439110202,12.686522533563423,2
48113015700,13.170399462963532,3
48113016001,13.466239191703913,2
48113016002,13.711567338468152,1
48113016100,12.972436117488346,7
48113016201,13.629206098094754,1
48257050701,12.891969814044018,70
48257051100,12.323715447686023,2
48113016301,12.752737874507934,5
48113016410,13.48278417054761,4
48113016302,12.680819884586503,1
48113016511,13.595756891924992,2
48113016615,13.663583587553035,4
48113016616,13.923542381282845,12
48113018111,13.82599475295786,1
